Differenz Vortag FÃ¤lle,Date,avg_cases
16.0,2020-02-25,16.0
5.0,2020-02-26,10.5
5.0,2020-02-27,8.666666666666666
27.0,2020-02-28,13.25
13.0,2020-02-29,13.2
51.0,2020-03-01,19.5
33.0,2020-03-02,21.428571428571427
38.0,2020-03-03,24.571428571428573
52.0,2020-03-04,31.285714285714285
109.0,2020-03-05,46.142857142857146
185.0,2020-03-06,68.71428571428571
150.0,2020-03-07,88.28571428571429
163.0,2020-03-08,104.28571428571429
265.0,2020-03-09,137.42857142857142
184.0,2020-03-10,158.28571428571428
271.0,2020-03-11,189.57142857142858
802.0,2020-03-12,288.57142857142856
693.0,2020-03-13,361.14285714285717
733.0,2020-03-14,444.42857142857144
1043.0,2020-03-15,570.1428571428571
1174.0,2020-03-16,700.0
1144.0,2020-03-17,837.1428571428571
1042.0,2020-03-18,947.2857142857143
2801.0,2020-03-19,1232.857142857143
2958.0,2020-03-20,1556.4285714285713
2705.0,2020-03-21,1838.142857142857
1948.0,2020-03-22,1967.4285714285713
4062.0,2020-03-23,2380.0
4764.0,2020-03-24,2897.1428571428573
4118.0,2020-03-25,3336.5714285714284
4954.0,2020-03-26,3644.1428571428573
5780.0,2020-03-27,4047.285714285714
6294.0,2020-03-28,4560.0
3965.0,2020-03-29,4848.142857142857
4751.0,2020-03-30,4946.571428571428
4615.0,2020-03-31,4925.285714285715
5453.0,2020-04-01,5116.0
6156.0,2020-04-02,5287.714285714285
6174.0,2020-04-03,5344.0
6082.0,2020-04-04,5313.714285714285
5936.0,2020-04-05,5595.285714285715
3677.0,2020-04-06,5441.857142857143
3834.0,2020-04-07,5330.285714285715
4003.0,2020-04-08,5123.142857142857
4974.0,2020-04-09,4954.285714285715
5323.0,2020-04-10,4832.714285714285
4133.0,2020-04-11,4554.285714285715
2821.0,2020-04-12,4109.285714285715
2537.0,2020-04-13,3946.4285714285716
2082.0,2020-04-14,3696.1428571428573
2486.0,2020-04-15,3479.4285714285716
2866.0,2020-04-16,3178.285714285714
3380.0,2020-04-17,2900.714285714286
3609.0,2020-04-18,2825.8571428571427
2458.0,2020-04-19,2774.0
1775.0,2020-04-20,2665.1428571428573
1785.0,2020-04-21,2622.714285714286
2237.0,2020-04-22,2587.1428571428573
2352.0,2020-04-23,2513.714285714286
2337.0,2020-04-24,2364.714285714286
2055.0,2020-04-25,2142.714285714286
1737.0,2020-04-26,2039.7142857142858
1018.0,2020-04-27,1931.5714285714287
1144.0,2020-04-28,1840.0
1304.0,2020-04-29,1706.7142857142858
1478.0,2020-04-30,1581.857142857143
1639.0,2020-05-01,1482.142857142857
945.0,2020-05-02,1323.5714285714287
793.0,2020-05-03,1188.7142857142858
679.0,2020-05-04,1140.2857142857142
685.0,2020-05-05,1074.7142857142858
947.0,2020-05-06,1023.7142857142857
1284.0,2020-05-07,996.0
1209.0,2020-05-08,934.5714285714286
1251.0,2020-05-09,978.2857142857143
667.0,2020-05-10,960.2857142857143
357.0,2020-05-11,914.2857142857143
933.0,2020-05-12,949.7142857142857
798.0,2020-05-13,928.4285714285714
933.0,2020-05-14,878.2857142857143
913.0,2020-05-15,836.0
620.0,2020-05-16,745.8571428571429
583.0,2020-05-17,733.8571428571429
342.0,2020-05-18,731.7142857142857
513.0,2020-05-19,671.7142857142857
797.0,2020-05-20,671.5714285714286
745.0,2020-05-21,644.7142857142857
460.0,2020-05-22,580.0
638.0,2020-05-23,582.5714285714286
431.0,2020-05-24,560.8571428571429
289.0,2020-05-25,553.2857142857143
432.0,2020-05-26,541.7142857142857
362.0,2020-05-27,479.57142857142856
353.0,2020-05-28,423.57142857142856
741.0,2020-05-29,463.7142857142857
738.0,2020-05-30,478.0
286.0,2020-05-31,457.2857142857143
333.0,2020-06-01,463.57142857142856
213.0,2020-06-02,432.2857142857143
342.0,2020-06-03,429.42857142857144
394.0,2020-06-04,435.2857142857143
507.0,2020-06-05,401.85714285714283
407.0,2020-06-06,354.57142857142856
301.0,2020-06-07,356.7142857142857
214.0,2020-06-08,339.7142857142857
350.0,2020-06-09,359.2857142857143
318.0,2020-06-10,355.85714285714283
555.0,2020-06-11,378.85714285714283
258.0,2020-06-12,343.2857142857143
348.0,2020-06-13,334.85714285714283
247.0,2020-06-14,327.14285714285717
192.0,2020-06-15,324.0
378.0,2020-06-16,328.0
345.0,2020-06-17,331.85714285714283
580.0,2020-06-18,335.42857142857144
770.0,2020-06-19,408.57142857142856
601.0,2020-06-20,444.7142857142857
687.0,2020-06-21,507.57142857142856
537.0,2020-06-22,556.8571428571429
503.0,2020-06-23,574.7142857142857
587.0,2020-06-24,609.2857142857143
630.0,2020-06-25,616.4285714285714
477.0,2020-06-26,574.5714285714286
687.0,2020-06-27,586.8571428571429
256.0,2020-06-28,525.2857142857143
262.0,2020-06-29,486.0
498.0,2020-06-30,485.2857142857143
466.0,2020-07-01,468.0
503.0,2020-07-02,449.85714285714283
446.0,2020-07-03,445.42857142857144
422.0,2020-07-04,407.57142857142856
239.0,2020-07-05,405.14285714285717
219.0,2020-07-06,399.0
390.0,2020-07-07,383.57142857142856
397.0,2020-07-08,373.7142857142857
442.0,2020-07-09,365.0
395.0,2020-07-10,357.7142857142857
378.0,2020-07-11,351.42857142857144
248.0,2020-07-12,352.7142857142857
159.0,2020-07-13,344.14285714285717
412.0,2020-07-14,347.2857142857143
351.0,2020-07-15,340.7142857142857
534.0,2020-07-16,353.85714285714283
583.0,2020-07-17,380.7142857142857
529.0,2020-07-18,402.2857142857143
202.0,2020-07-19,395.7142857142857
249.0,2020-07-20,408.57142857142856
522.0,2020-07-21,424.2857142857143
454.0,2020-07-22,439.0
569.0,2020-07-23,444.0
815.0,2020-07-24,477.14285714285717
781.0,2020-07-25,513.1428571428571
305.0,2020-07-26,527.8571428571429
340.0,2020-07-27,540.8571428571429
633.0,2020-07-28,556.7142857142857
684.0,2020-07-29,589.5714285714286
902.0,2020-07-30,637.1428571428571
870.0,2020-07-31,645.0
955.0,2020-08-01,669.8571428571429
240.0,2020-08-02,660.5714285714286
509.0,2020-08-03,684.7142857142857
879.0,2020-08-04,719.8571428571429
741.0,2020-08-05,728.0
1045.0,2020-08-06,748.4285714285714
1147.0,2020-08-07,788.0
1122.0,2020-08-08,811.8571428571429
555.0,2020-08-09,856.8571428571429
436.0,2020-08-10,846.4285714285714
966.0,2020-08-11,858.8571428571429
1226.0,2020-08-12,928.1428571428571
1445.0,2020-08-13,985.2857142857143
1449.0,2020-08-14,1028.4285714285713
1415.0,2020-08-15,1070.2857142857142
625.0,2020-08-16,1080.2857142857142
561.0,2020-08-17,1098.142857142857
1390.0,2020-08-18,1158.7142857142858
1510.0,2020-08-19,1199.2857142857142
1707.0,2020-08-20,1236.7142857142858
1427.0,2020-08-21,1233.5714285714287
2034.0,2020-08-22,1322.0
782.0,2020-08-23,1344.4285714285713
711.0,2020-08-24,1365.857142857143
1278.0,2020-08-25,1349.857142857143
1576.0,2020-08-26,1359.2857142857142
1507.0,2020-08-27,1330.7142857142858
1571.0,2020-08-28,1351.2857142857142
1479.0,2020-08-29,1272.0
785.0,2020-08-30,1272.4285714285713
610.0,2020-08-31,1258.0
1218.0,2020-09-01,1249.4285714285713
1256.0,2020-09-02,1203.7142857142858
1311.0,2020-09-03,1175.7142857142858
1453.0,2020-09-04,1158.857142857143
1378.0,2020-09-05,1144.4285714285713
988.0,2020-09-06,1173.4285714285713
814.0,2020-09-07,1202.5714285714287
1499.0,2020-09-08,1242.7142857142858
1176.0,2020-09-09,1231.2857142857142
1892.0,2020-09-10,1314.2857142857142
1484.0,2020-09-11,1318.7142857142858
1630.0,2020-09-12,1354.7142857142858
948.0,2020-09-13,1349.0
927.0,2020-09-14,1365.142857142857
1407.0,2020-09-15,1352.0
1901.0,2020-09-16,1455.5714285714287
2194.0,2020-09-17,1498.7142857142858
1916.0,2020-09-18,1560.4285714285713
2297.0,2020-09-19,1655.7142857142858
1345.0,2020-09-20,1712.4285714285713
922.0,2020-09-21,1711.7142857142858
1821.0,2020-09-22,1770.857142857143
1769.0,2020-09-23,1752.0
2143.0,2020-09-24,1744.7142857142858
2153.0,2020-09-25,1778.5714285714287
2507.0,2020-09-26,1808.5714285714287
1410.0,2020-09-27,1817.857142857143
1192.0,2020-09-28,1856.4285714285713
2089.0,2020-09-29,1894.7142857142858
1798.0,2020-09-30,1898.857142857143
2503.0,2020-10-01,1950.2857142857142
2673.0,2020-10-02,2024.5714285714287
2563.0,2020-10-03,2032.5714285714287
2279.0,2020-10-04,2156.714285714286
1382.0,2020-10-05,2183.8571428571427
2639.0,2020-10-06,2262.4285714285716
2828.0,2020-10-07,2409.5714285714284
4058.0,2020-10-08,2631.714285714286
4516.0,2020-10-09,2895.0
4721.0,2020-10-10,3203.285714285714
3483.0,2020-10-11,3375.285714285714
2467.0,2020-10-12,3530.285714285714
4122.0,2020-10-13,3742.1428571428573
5132.0,2020-10-14,4071.285714285714
6638.0,2020-10-15,4439.857142857143
7334.0,2020-10-16,4842.428571428572
7830.0,2020-10-17,5286.571428571428
5587.0,2020-10-18,5587.142857142857
4325.0,2020-10-19,5852.571428571428
6868.0,2020-10-20,6244.857142857143
7595.0,2020-10-21,6596.714285714285
11287.0,2020-10-22,7260.857142857143
11242.0,2020-10-23,7819.142857142857
14714.0,2020-10-24,8802.57142857143
11176.0,2020-10-25,9601.0
8685.0,2020-10-26,10223.857142857143
11409.0,2020-10-27,10872.57142857143
14964.0,2020-10-28,11925.285714285714
16774.0,2020-10-29,12709.142857142857
18681.0,2020-10-30,13771.857142857143
19059.0,2020-10-31,14392.57142857143
14177.0,2020-11-01,14821.285714285714
12097.0,2020-11-02,15308.714285714286
15352.0,2020-11-03,15872.0
17214.0,2020-11-04,16193.42857142857
19990.0,2020-11-05,16652.85714285714
21506.0,2020-11-06,17056.428571428572
23399.0,2020-11-07,17676.428571428572
16017.0,2020-11-08,17939.285714285714
13363.0,2020-11-09,18120.14285714286
15332.0,2020-11-10,18117.285714285714
18487.0,2020-11-11,18299.14285714286
21866.0,2020-11-12,18567.14285714286
23542.0,2020-11-13,18858.0
22461.0,2020-11-14,18724.0
16947.0,2020-11-15,18856.85714285714
10824.0,2020-11-16,18494.14285714286
14419.0,2020-11-17,18363.714285714286
17561.0,2020-11-18,18231.428571428572
22609.0,2020-11-19,18337.571428571428
23648.0,2020-11-20,18352.714285714286
22964.0,2020-11-21,18424.571428571428
15741.0,2020-11-22,18252.285714285714
10864.0,2020-11-23,18258.0
13554.0,2020-11-24,18134.428571428572
18633.0,2020-11-25,18287.571428571428
22268.0,2020-11-26,18238.85714285714
22806.0,2020-11-27,18118.571428571428
21695.0,2020-11-28,17937.285714285714
14611.0,2020-11-29,17775.85714285714
11169.0,2020-11-30,17819.428571428572
13604.0,2020-12-01,17826.571428571428
17270.0,2020-12-02,17631.85714285714
22046.0,2020-12-03,17600.14285714286
23449.0,2020-12-04,17692.0
23318.0,2020-12-05,17923.85714285714
17767.0,2020-12-06,18374.714285714286
12332.0,2020-12-07,18540.85714285714
14054.0,2020-12-08,18605.14285714286
20815.0,2020-12-09,19111.571428571428
23679.0,2020-12-10,19344.85714285714
29875.0,2020-12-11,20262.85714285714
28438.0,2020-12-12,20994.285714285714
20200.0,2020-12-13,21341.85714285714
16362.0,2020-12-14,21917.571428571428
14432.0,2020-12-15,21971.571428571428
27728.0,2020-12-16,22959.14285714286
26923.0,2020-12-17,23422.571428571428
33777.0,2020-12-18,23980.0
31300.0,2020-12-19,24388.85714285714
22771.0,2020-12-20,24756.14285714286
16643.0,2020-12-21,24796.285714285714
19528.0,2020-12-22,25524.285714285714
24740.0,2020-12-23,25097.428571428572
32195.0,2020-12-24,25850.571428571428
25533.0,2020-12-25,24672.85714285714
14455.0,2020-12-26,22266.428571428572
13755.0,2020-12-27,20978.428571428572
10976.0,2020-12-28,20168.85714285714
12892.0,2020-12-29,19220.85714285714
22459.0,2020-12-30,18895.0
32552.0,2020-12-31,18946.0
22924.0,2021-01-01,18573.285714285714
12690.0,2021-01-02,18321.14285714286
10315.0,2021-01-03,17829.714285714286
9847.0,2021-01-04,17668.428571428572
11897.0,2021-01-05,17526.285714285714
21237.0,2021-01-06,17351.714285714286
26391.0,2021-01-07,16471.571428571428
31849.0,2021-01-08,17746.571428571428
24694.0,2021-01-09,19461.428571428572
16946.0,2021-01-10,20408.714285714286
12497.0,2021-01-11,20787.285714285714
12802.0,2021-01-12,20916.571428571428
19600.0,2021-01-13,20682.714285714286
25164.0,2021-01-14,20507.428571428572
22368.0,2021-01-15,19153.0
18678.0,2021-01-16,18293.571428571428
13882.0,2021-01-17,17855.85714285714
7141.0,2021-01-18,17090.714285714286
11369.0,2021-01-19,16886.0
15974.0,2021-01-20,16368.0
20398.0,2021-01-21,15687.142857142857
17862.0,2021-01-22,15043.42857142857
16417.0,2021-01-23,14720.42857142857
12257.0,2021-01-24,14488.285714285714
6729.0,2021-01-25,14429.42857142857
6412.0,2021-01-26,13721.285714285714
13198.0,2021-01-27,13324.714285714286
17553.0,2021-01-28,12918.285714285714
14022.0,2021-01-29,12369.714285714286
12321.0,2021-01-30,11784.57142857143
11192.0,2021-01-31,11632.42857142857
5608.0,2021-02-01,11472.285714285714
6114.0,2021-02-02,11429.714285714286
9705.0,2021-02-03,10930.714285714286
14211.0,2021-02-04,10453.285714285714
12908.0,2021-02-05,10294.142857142857
10485.0,2021-02-06,10031.857142857143
8616.0,2021-02-07,9663.857142857143
4535.0,2021-02-08,9510.57142857143
3379.0,2021-02-09,9119.857142857143
8072.0,2021-02-10,8886.57142857143
10237.0,2021-02-11,8318.857142857143
9860.0,2021-02-12,7883.428571428572
8354.0,2021-02-13,7579.0
6114.0,2021-02-14,7221.571428571428
4426.0,2021-02-15,7206.0
3856.0,2021-02-16,7274.142857142857
7556.0,2021-02-17,7200.428571428572
10207.0,2021-02-18,7196.142857142857
9113.0,2021-02-19,7089.428571428572
9164.0,2021-02-20,7205.142857142857
7676.0,2021-02-21,7428.285714285715
4369.0,2021-02-22,7420.142857142857
3883.0,2021-02-23,7424.0
8007.0,2021-02-24,7488.428571428572
11869.0,2021-02-25,7725.857142857143
9997.0,2021-02-26,7852.142857142857
9762.0,2021-02-27,7937.571428571428
7890.0,2021-02-28,7968.142857142857
4732.0,2021-03-01,8020.0
3943.0,2021-03-02,8028.571428571428
9019.0,2021-03-03,8173.142857142857
11912.0,2021-03-04,8179.285714285715
10580.0,2021-03-05,8262.57142857143
9557.0,2021-03-06,8233.285714285714
8103.0,2021-03-07,8263.714285714286
5011.0,2021-03-08,8303.57142857143
4252.0,2021-03-09,8347.714285714286
9146.0,2021-03-10,8365.857142857143
14356.0,2021-03-11,8715.0
12834.0,2021-03-12,9037.0
12674.0,2021-03-13,9482.285714285714
10790.0,2021-03-14,9866.142857142857
6604.0,2021-03-15,10093.714285714286
5480.0,2021-03-16,10269.142857142857
13435.0,2021-03-17,10881.857142857143
17504.0,2021-03-18,11331.57142857143
17482.0,2021-03-19,11995.57142857143
16033.0,2021-03-20,12475.42857142857
13733.0,2021-03-21,12895.857142857143
7709.0,2021-03-22,13053.714285714286
7485.0,2021-03-23,13340.142857142857
15813.0,2021-03-24,13679.857142857143
22657.0,2021-03-25,14416.0
21573.0,2021-03-26,15000.42857142857
20472.0,2021-03-27,15634.57142857143
17176.0,2021-03-28,16126.42857142857
9872.0,2021-03-29,16435.428571428572
9549.0,2021-03-30,16730.285714285714
17051.0,2021-03-31,16907.14285714286
24300.0,2021-04-01,17141.85714285714
21888.0,2021-04-02,17186.85714285714
18129.0,2021-04-03,16852.14285714286
12196.0,2021-04-04,16140.714285714286
8497.0,2021-04-05,15944.285714285714
6885.0,2021-04-06,15563.714285714286
9677.0,2021-04-07,14510.285714285714
20407.0,2021-04-08,13954.142857142857
25464.0,2021-04-09,14465.0
24097.0,2021-04-10,15317.57142857143
17855.0,2021-04-11,16126.0
13245.0,2021-04-12,16804.285714285714
10810.0,2021-04-13,17365.0
21693.0,2021-04-14,19081.571428571428
29426.0,2021-04-15,20370.0
25831.0,2021-04-16,20422.428571428572
23804.0,2021-04-17,20380.571428571428
19185.0,2021-04-18,20570.571428571428
11437.0,2021-04-19,20312.285714285714
9609.0,2021-04-20,20140.714285714286
24884.0,2021-04-21,20596.571428571428
29518.0,2021-04-22,20609.714285714286
27543.0,2021-04-23,20854.285714285714
23392.0,2021-04-24,20795.428571428572
18773.0,2021-04-25,20736.571428571428
11907.0,2021-04-26,20803.714285714286
10976.0,2021-04-27,20999.0
22231.0,2021-04-28,20620.0
24736.0,2021-04-29,19936.85714285714
24329.0,2021-04-30,19477.714285714286
18935.0,2021-05-01,18841.0
16290.0,2021-05-02,18486.285714285714
9160.0,2021-05-03,18093.85714285714
7534.0,2021-05-04,17602.14285714286
18034.0,2021-05-05,17002.571428571428
21953.0,2021-05-06,16605.0
18485.0,2021-05-07,15770.142857142857
15685.0,2021-05-08,15305.857142857143
12656.0,2021-05-09,14786.714285714286
6922.0,2021-05-10,14467.0
6125.0,2021-05-11,14265.714285714286
14909.0,2021-05-12,13819.285714285714
17419.0,2021-05-13,13171.57142857143
11336.0,2021-05-14,12150.285714285714
7894.0,2021-05-15,11037.285714285714
8500.0,2021-05-16,10443.57142857143
5412.0,2021-05-17,10227.857142857143
4209.0,2021-05-18,9954.142857142857
11040.0,2021-05-19,9401.42857142857
12298.0,2021-05-20,8669.857142857143
8769.0,2021-05-21,8303.142857142857
7082.0,2021-05-22,8187.142857142857
6714.0,2021-05-23,7932.0
2682.0,2021-05-24,7542.0
1911.0,2021-05-25,7213.714285714285
2626.0,2021-05-26,6011.714285714285
6313.0,2021-05-27,5156.714285714285
7380.0,2021-05-28,4958.285714285715
5426.0,2021-05-29,4721.714285714285
3852.0,2021-05-30,4312.857142857143
1978.0,2021-05-31,4212.285714285715
1785.0,2021-06-01,4194.285714285715
4917.0,2021-06-02,4521.571428571428
4640.0,2021-06-03,4282.571428571428
3165.0,2021-06-04,3680.4285714285716
2294.0,2021-06-05,3233.0
2440.0,2021-06-06,3031.285714285714
1117.0,2021-06-07,2908.285714285714
1204.0,2021-06-08,2825.285714285714
3254.0,2021-06-09,2587.714285714286
3187.0,2021-06-10,2380.1428571428573
2440.0,2021-06-11,2276.5714285714284
1911.0,2021-06-12,2221.8571428571427
1489.0,2021-06-13,2086.0
549.0,2021-06-14,2004.857142857143
652.0,2021-06-15,1926.0
1455.0,2021-06-16,1669.0
1330.0,2021-06-17,1403.7142857142858
1076.0,2021-06-18,1208.857142857143
1108.0,2021-06-19,1094.142857142857
842.0,2021-06-20,1001.7142857142857
346.0,2021-06-21,972.7142857142857
455.0,2021-06-22,944.5714285714286
1016.0,2021-06-23,881.8571428571429
1008.0,2021-06-24,835.8571428571429
774.0,2021-06-25,792.7142857142857
592.0,2021-06-26,719.0
538.0,2021-06-27,675.5714285714286
219.0,2021-06-28,657.4285714285714
404.0,2021-06-29,650.1428571428571
808.0,2021-06-30,620.4285714285714
892.0,2021-07-01,603.8571428571429
649.0,2021-07-02,586.0
671.0,2021-07-03,597.2857142857143
559.0,2021-07-04,600.2857142857143
212.0,2021-07-05,599.2857142857143
440.0,2021-07-06,604.4285714285714
985.0,2021-07-07,629.7142857142857
970.0,2021-07-08,640.8571428571429
949.0,2021-07-09,683.7142857142857
952.0,2021-07-10,723.8571428571429
745.0,2021-07-11,750.4285714285714
324.0,2021-07-12,766.4285714285714
646.0,2021-07-13,795.8571428571429
1548.0,2021-07-14,876.2857142857143
1642.0,2021-07-15,972.2857142857143
1456.0,2021-07-16,1044.7142857142858
1608.0,2021-07-17,1138.4285714285713
1292.0,2021-07-18,1216.5714285714287
546.0,2021-07-19,1248.2857142857142
1183.0,2021-07-20,1325.0
2203.0,2021-07-21,1418.5714285714287
1890.0,2021-07-22,1454.0
2089.0,2021-07-23,1544.4285714285713
1919.0,2021-07-24,1588.857142857143
1387.0,2021-07-25,1602.4285714285713
958.0,2021-07-26,1661.2857142857142
1545.0,2021-07-27,1713.0
2768.0,2021-07-28,1793.7142857142858
3142.0,2021-07-29,1972.5714285714287
2454.0,2021-07-30,2024.7142857142858
2400.0,2021-07-31,2093.4285714285716
2097.0,2021-08-01,2194.8571428571427
847.0,2021-08-02,2179.0
1766.0,2021-08-03,2210.5714285714284
3571.0,2021-08-04,2325.285714285714
3539.0,2021-08-05,2382.0
3448.0,2021-08-06,2524.0
3206.0,2021-08-07,2639.1428571428573
3127.0,2021-08-08,2786.285714285714
1183.0,2021-08-09,2834.285714285714
2480.0,2021-08-10,2936.285714285714
4996.0,2021-08-11,3139.8571428571427
5638.0,2021-08-12,3439.714285714286
5578.0,2021-08-13,3744.0
5644.0,2021-08-14,4092.285714285714
4728.0,2021-08-15,4321.0
2126.0,2021-08-16,4455.714285714285
3912.0,2021-08-17,4660.285714285715
8324.0,2021-08-18,5135.714285714285
8400.0,2021-08-19,5530.285714285715
9280.0,2021-08-20,6059.142857142857
8092.0,2021-08-21,6408.857142857143
7050.0,2021-08-22,6740.571428571428
3668.0,2021-08-23,6960.857142857143
5747.0,2021-08-24,7223.0
11561.0,2021-08-25,7685.428571428572
12626.0,2021-08-26,8289.142857142857
12029.0,2021-08-27,8681.857142857143
10303.0,2021-08-28,8997.714285714286
8416.0,2021-08-29,9192.857142857143
4559.0,2021-08-30,9320.142857142857
5750.0,2021-08-31,9320.57142857143
13531.0,2021-09-01,9602.0
13715.0,2021-09-02,9757.57142857143
14251.0,2021-09-03,10075.0
10835.0,2021-09-04,10151.0
10453.0,2021-09-05,10442.0
4749.0,2021-09-06,10469.142857142857
6726.0,2021-09-07,10608.57142857143
13565.0,2021-09-08,10613.42857142857
15431.0,2021-09-09,10858.57142857143
12969.0,2021-09-10,10675.42857142857
11214.0,2021-09-11,10729.57142857143
7345.0,2021-09-12,10285.57142857143
5511.0,2021-09-13,10394.42857142857
6325.0,2021-09-14,10337.142857142857
12455.0,2021-09-15,10178.57142857143
12925.0,2021-09-16,9820.57142857143
11022.0,2021-09-17,9542.42857142857
8901.0,2021-09-18,9212.0
7337.0,2021-09-19,9210.857142857143
3736.0,2021-09-20,8957.285714285714
4664.0,2021-09-21,8720.0
10454.0,2021-09-22,8434.142857142857
10696.0,2021-09-23,8115.714285714285
9727.0,2021-09-24,7930.714285714285
7211.0,2021-09-25,7689.285714285715
7774.0,2021-09-26,7751.714285714285
3022.0,2021-09-27,7649.714285714285
4171.0,2021-09-28,7579.285714285715
11780.0,2021-09-29,7768.714285714285
12150.0,2021-09-30,7976.428571428572
10118.0,2021-10-01,8032.285714285715
8517.0,2021-10-02,8218.857142857143
6164.0,2021-10-03,7988.857142857143
3088.0,2021-10-04,7998.285714285715
4799.0,2021-10-05,8088.0
11547.0,2021-10-06,8054.714285714285
11644.0,2021-10-07,7982.428571428572
10429.0,2021-10-08,8026.857142857143
8854.0,2021-10-09,8075.0
7612.0,2021-10-10,8281.857142857143
3111.0,2021-10-11,8285.142857142857
4971.0,2021-10-12,8309.714285714286
11903.0,2021-10-13,8360.57142857143
12382.0,2021-10-14,8466.0
11518.0,2021-10-15,8621.57142857143
10949.0,2021-10-16,8920.857142857143
8682.0,2021-10-17,9073.714285714286
4056.0,2021-10-18,9208.714285714286
6771.0,2021-10-19,9465.857142857143
17015.0,2021-10-20,10196.142857142857
16077.0,2021-10-21,10724.0
19572.0,2021-10-22,11874.57142857143
15145.0,2021-10-23,12474.0
13732.0,2021-10-24,13195.42857142857
6573.0,2021-10-25,13555.0
10473.0,2021-10-26,14083.857142857143
23212.0,2021-10-27,14969.142857142857
28037.0,2021-10-28,16677.714285714286
24668.0,2021-10-29,17405.714285714286
21543.0,2021-10-30,18319.714285714286
16887.0,2021-10-31,18770.428571428572
9658.0,2021-11-01,19211.14285714286
10813.0,2021-11-02,19259.714285714286
20398.0,2021-11-03,18857.714285714286
33949.0,2021-11-04,19702.285714285714
37120.0,2021-11-05,21481.14285714286
34002.0,2021-11-06,23261.0
23543.0,2021-11-07,24211.85714285714
15513.0,2021-11-08,25048.285714285714
21832.0,2021-11-09,26622.428571428572
39676.0,2021-11-10,29376.428571428572
50196.0,2021-11-11,31697.428571428572
48640.0,2021-11-12,33343.142857142855
45081.0,2021-11-13,34925.857142857145
33498.0,2021-11-14,36348.0
23607.0,2021-11-15,37504.28571428572
32048.0,2021-11-16,38963.71428571428
52826.0,2021-11-17,40842.28571428572
65371.0,2021-11-18,43010.142857142855
52970.0,2021-11-19,43628.71428571428
63924.0,2021-11-20,46320.57142857143
42727.0,2021-11-21,47639.0
30643.0,2021-11-22,48644.142857142855
45326.0,2021-11-23,50541.0
66884.0,2021-11-24,52549.28571428572
75961.0,2021-11-25,54062.142857142855
76414.0,2021-11-26,57411.28571428572
67125.0,2021-11-27,57868.57142857143
44401.0,2021-11-28,58107.71428571428
29364.0,2021-11-29,57925.0
45753.0,2021-11-30,57986.0
67186.0,2021-12-01,58029.142857142855
73209.0,2021-12-02,57636.0
74352.0,2021-12-03,57341.42857142857
64510.0,2021-12-04,56967.857142857145
42055.0,2021-12-05,56632.71428571428
27836.0,2021-12-06,56414.42857142857
36059.0,2021-12-07,55029.57142857143
69601.0,2021-12-08,55374.57142857143
70611.0,2021-12-09,55003.42857142857
61288.0,2021-12-10,53137.142857142855
53697.0,2021-12-11,51592.42857142857
32646.0,2021-12-12,50248.28571428572
21743.0,2021-12-13,49377.857142857145
30823.0,2021-12-14,48629.857142857145
51301.0,2021-12-15,46015.57142857143
56677.0,2021-12-16,44025.0
50968.0,2021-12-17,42550.71428571428
42813.0,2021-12-18,40995.857142857145
29348.0,2021-12-19,40524.71428571428
16086.0,2021-12-20,39716.57142857143
23428.0,2021-12-21,38660.142857142855
45659.0,2021-12-22,37854.142857142855
44927.0,2021-12-23,36175.57142857143
35431.0,2021-12-24,33956.0
22214.0,2021-12-25,31013.285714285714
10100.0,2021-12-26,28263.571428571428
13908.0,2021-12-27,27952.428571428572
21080.0,2021-12-28,27617.0
40043.0,2021-12-29,26814.714285714286
42770.0,2021-12-30,26506.571428571428
41240.0,2021-12-31,27336.428571428572
26392.0,2022-01-01,27933.285714285714
12515.0,2022-01-02,28278.285714285714
18518.0,2022-01-03,28936.85714285714
30561.0,2022-01-04,30291.285714285714
58912.0,2022-01-05,32986.857142857145
64340.0,2022-01-06,36068.28571428572
56335.0,2022-01-07,38224.71428571428
55889.0,2022-01-08,42438.57142857143
36552.0,2022-01-09,45872.42857142857
25255.0,2022-01-10,46834.857142857145
45690.0,2022-01-11,48996.142857142855
80430.0,2022-01-12,52070.142857142855
81417.0,2022-01-13,54509.71428571428
92223.0,2022-01-14,59636.57142857143
78022.0,2022-01-15,62798.42857142857
52504.0,2022-01-16,65077.28571428572
34145.0,2022-01-17,66347.28571428571
74405.0,2022-01-18,70449.42857142857
112323.0,2022-01-19,75005.57142857143
133536.0,2022-01-20,82451.14285714286
140160.0,2022-01-21,89299.28571428571
135461.0,2022-01-22,97504.85714285714
85440.0,2022-01-23,102210.0
63393.0,2022-01-24,106388.28571428571
126955.0,2022-01-25,113895.42857142857
164000.0,2022-01-26,121277.85714285714
203136.0,2022-01-27,131220.7142857143
190148.0,2022-01-28,138361.85714285713
189166.0,2022-01-29,146034.0
118970.0,2022-01-30,150824.0
78318.0,2022-01-31,152956.14285714287
162613.0,2022-02-01,158050.14285714287
,2022-02-02,152362.4374053535
,2022-02-03,154788.85198323216
,2022-02-04,156471.25564341887
,2022-02-05,157345.23438455662
,2022-02-06,157283.76884509268
,2022-02-07,156668.6612901631
,2022-02-08,155047.12970905929
,2022-02-09,152874.69733424982
,2022-02-10,149746.4828857808
,2022-02-11,145988.46567294712
,2022-02-12,141666.62341810975
,2022-02-13,136346.60906239634
,2022-02-14,130600.41479305427
,2022-02-15,123826.99712418375
,2022-02-16,116490.22541361196
,2022-02-17,108892.83981571312
,2022-02-18,100626.23814814432
,2022-02-19,92148.25154485588
,2022-02-20,83577.15760178793
,2022-02-21,75461.55392116735
,2022-02-22,67852.48280576582
,2022-02-23,61469.48199756231
,2022-02-24,56126.793687291094
,2022-02-25,51988.91002056429
,2022-02-26,48421.22402993271
,2022-02-27,45840.39200291038
,2022-02-28,43808.76516850506
,2022-03-01,42496.32753585492
,2022-03-02,41664.14065154961
,2022-03-03,41280.346055134425
